map_seed,lamps,minimum_room_lit_fraction,corridor_lit_fraction
118661712,64,0.9107143,0.8976676
139292431,60,0.9338235,0.882893
167781550,54,0.9189189,0.8909813
469759406,70,0.9191176,0.8946797
112532159,66,0.9193549,0.899458
829034531,55,0.9044118,0.8885946
471800341,65,0.9032258,0.8852872
114585002,57,0.9090909,0.8944005
831086318,60,0.9051724,0.8953345
473874228,66,0.9032258,0.8918096
116650165,60,0.9071429,0.8982803
833129905,64,0.9196429,0.8809823
475897011,59,0.9032258,0.8945126
118661712,64,0.9107143,0.8976676
835221712,59,0.9032258,0.9005925
477970902,68,0.9305556,0.8922388
120730959,62,0.9338235,0.8882008
837224252,62,0.9166667,0.9008804
479987213,59,0.9142857,0.8896064
122763490,63,0.90625,0.9033853
839266959,62,0.95,0.8934275
482034940,64,0.9015151,0.8971462
124799965,61,0.9,0.8897524
