map_seed,lamps,minimum_room_coverage,corridor_coverage
118661712,60,0.925,0.895894
139292431,57,0.9117647,0.8912166
167781550,53,0.9083334,0.8804203
469759406,65,0.9338235,0.8893333
112532159,64,0.9137931,0.8927592
829034531,56,0.9166667,0.8803284
471800341,59,0.9193549,0.8940085
114585002,58,0.9097222,0.8892904
831086318,63,0.921875,0.8939483
473874228,68,0.9017857,0.8842975
116650165,59,0.9242424,0.8858142
833129905,63,0.9274194,0.8832105
475897011,57,0.9193549,0.8982498
118661712,60,0.925,0.895894
835221712,54,0.9264706,0.8898142
477970902,66,0.9166667,0.8896066
120730959,61,0.9296875,0.8885921
837224252,65,0.9264706,0.8856635
479987213,64,0.9166667,0.8848823
122763490,61,0.91875,0.8826988
839266959,58,0.9071429,0.8937538
482034940,61,0.9051724,0.8902582
124799965,60,0.9032258,0.889756
