seed,old_average_steps,new_average_steps,reduction_percent,old_nearest_steps,new_nearest_steps,old_corridor_tiles,new_corridor_tiles
1,67.2000,51.2667,23.7103,27.0000,20.1000,1333,1059
2,59.1111,54.9778,6.9925,24.1000,22.5000,1412,1133
3,62.6222,50.1333,19.9432,24.0000,17.8000,1357,1168
4,65.0667,53.2667,18.1352,26.6000,19.9000,1723,1187
5,61.8444,54.0000,12.6842,21.6000,26.9000,1353,1146
6,64.2667,65.2222,-1.4869,27.4000,25.4000,1557,1330
7,79.0889,70.0667,11.4077,29.5000,33.8000,1544,1074
8,67.9556,49.9556,26.4879,29.6000,22.8000,1495,1195
9,76.5778,56.8667,25.7400,29.8000,25.7000,1434,1123
10,72.9556,52.3333,28.2668,30.3000,19.8000,1606,1045
11,71.7333,59.9778,16.3879,30.1000,24.7000,1242,992
12,71.8000,57.6889,19.6534,29.6000,21.0000,1323,1107
13,68.6667,52.6222,23.3657,26.1000,25.0000,1569,1140
14,69.5111,56.3778,18.8939,35.3000,24.0000,1607,1160
15,55.0222,48.0000,12.7625,25.2000,17.9000,1324,1248
16,56.2000,53.7333,4.3891,21.4000,27.4000,1435,1170
17,57.4667,63.8667,-11.1369,21.0000,35.2000,1487,1307
18,73.2000,53.4667,26.9581,32.4000,19.5000,1550,1180
19,55.8222,59.8667,-7.2452,21.8000,17.6000,1257,1156
20,62.2444,59.1556,4.9625,26.2000,23.1000,1479,1320
